id,display_name,hp,speed,damage,enemy_type,size,color_r,color_g,color_b,exp_reward,elite_wave,special_skill_id,drop_trinket_table
enemy_rush,疾冲魔,50,60,10,normal,0.8,1.0,0.25,0.2,10,0,,
enemy_flank,侧袭者,40,50,8,normal,1.2,0.2,0.5,1.0,8,0,,
enemy_giant,巨兽,300,20,25,elite,2.0,0.6,0.2,0.8,30,5,charge,
enemy_boss,天魔,800,30,40,boss,3.5,0.9,0.1,0.1,50,0,,
enemy_ranged,远程魔,35,35,6,normal,0.9,0.2,0.6,0.2,12,0,volley,
enemy_frost_beast,霜寒兽,280,40,15,elite,1.0,0.2,0.6,0.9,25,8,charge,
enemy_armored,铁甲卫,700,18,20,elite,1.3,0.4,0.4,0.4,35,11,,
enemy_flyer,翼魔,160,65,10,normal,0.8,0.7,0.8,1.0,20,0,,
enemy_summoner,召魔师,220,22,8,elite,1.0,0.8,0.2,0.8,30,14,volley,
